Код,Проект,Хто повідомив,Кому призначена,Пріоритет,Серйозність,Відтворюваність,Версія продукту,Категорія,Зареєстрована,ОС,Версія,Платформа,Рівень доступу,Оновлена,Статистика,Статус,Резолюція,Виправлена у версії
0001888,QA31,manchinipeter,,нормальний,незначна,завжди,,General,2024-03-15,,,,спільна,2024-03-15,[NOVOSOLOV] Неверное написание адреса в футере в английской локализации,нова,відкрита,
0001887,QA31,manchinipeter,,нормальний,незначна,не пробував,,General,2024-03-15,,,,спільна,2024-03-15,[NOVOSOLOV] Отсутствует перевод ПОЛИТИКА ИСПОЛЬЗОВАНИЯ ФАЙЛОВ COOKIES на английский и русский язык,нова,відкрита,
0001886,QA31,manchinipeter,,нормальний,незначна,не пробував,,General,2024-03-15,,,,спільна,2024-03-15,0001885: [NOVOSOLOV] Отсутствует перевод СОГЛАШЕНИЕ ПОЛЬЗОВАТЕЛЯ на английский и русский язык,нова,відкрита,
0001885,QA31,manchinipeter,,нормальний,незначна,не пробував,,General,2024-03-15,,,,спільна,2024-03-15,[NOVOSOLOV] Отсутствует перевод Политика конфиденциальности на английский и русский язык,нова,відкрита,
0001884,QA31,manchinipeter,,нормальний,незначна,не пробував,,General,2024-03-15,,,,спільна,2024-03-15,[NOVOSOLOV] Теги HTML присутствуют в тексте соглашения об обработке персональных данных,нова,відкрита,
0001883,QA31,manchinipeter,,нормальний,значна,завжди,,General,2024-03-15,,,,спільна,2024-03-15,[NOVOSOLOV] Наложение элементов интерфейса,нова,відкрита,
0001882,QA31,manchinipeter,,нормальний,незначна,не пробував,,General,2024-03-15,,,,спільна,2024-03-15,[NOVOSOLOV] Не оригинальный контент на странице https://avada-media.ua/ua/services/dyzayn-personazhey-2d/,нова,відкрита,
0001881,QA31,manchinipeter,,нормальний,незначна,не пробував,,General,2024-03-15,,,,спільна,2024-03-15,[NOVOSOLOV] Некоторые куки неправильно используют рекомендованный атрибут «SameSite»,нова,відкрита,
0001880,QA31,manchinipeter,,низький,незначна,завжди,,General,2024-03-15,,,,спільна,2024-03-15,[NOVOSOLOV] Предупреждения Content-Security-Policy,нова,відкрита,
0001879,QA31,manchinipeter,,нормальний,незначна,завжди,,General,2024-03-15,,,,спільна,2024-03-15,[NOVOSOLOV] Не идентифицированы шрифты в запросах,нова,відкрита,
0001866,QA31,Svitlana,,нормальний,незначна,завжди,,General,2024-03-14,,,,спільна,2024-03-14,"[Ляшенко]Буква ""U"" отсутствует в списке букв словаря терминов",нова,відкрита,
0001867,QA31,Svitlana,,нормальний,банальна,завжди,,General,2024-03-14,,,,спільна,2024-03-14,"[Ляшенко] Опечатка в слове ""Android"" в разделе ""F.A.Q.""",нова,відкрита,
0001868,QA31,Svitlana,,високий,значна,завжди,,General,2024-03-14,,,,спільна,2024-03-14,"[Ляшенко] Видео не воспроизводится в разделе ""Лента""",нова,відкрита,
0001869,QA31,Svitlana,,високий,значна,завжди,,General,2024-03-14,,,,спільна,2024-03-14,"[Ляшенко] Отображается часть кода в результатах поиска символа ""пробел"" или просто пустых данных",нова,відкрита,
0001870,QA31,Svitlana,,високий,незначна,завжди,,General,2024-03-14,,,,спільна,2024-03-14,"[Ляшенко] Пустая страница при переходе по ссылке на ""Viber"" на главной странице",нова,відкрита,
0001871,QA31,Svitlana,,нормальний,банальна,завжди,,General,2024-03-14,,,,спільна,2024-03-14,"[Ляшенко] Орфографические и грамматические ошибки в ""Address"" в английской локализации сайта",нова,відкрита,
0001872,QA31,Svitlana,,нормальний,банальна,завжди,,General,2024-03-14,,,,спільна,2024-03-14,"[Ляшенко] Орфографическая ошибка в слове ""GameDev"" на странице с меню в английской локализации сайта",нова,відкрита,
0001873,QA31,Svitlana,,високий,незначна,завжди,,General,2024-03-14,,,,спільна,2024-03-14,[Ляшенко]Информация по ссылкам в футере сайта отображается на украинском языке вместо английского в английской локализации сайта,нова,відкрита,
0001874,QA31,Svitlana,,високий,незначна,завжди,,General,2024-03-14,,,,спільна,2024-03-14,[Ляшенко] Элементы кода отображаются в согласии на обработку персональных данных в украинской локализации сайта,нова,відкрита,
0001875,QA31,Svitlana,,нормальний,незначна,завжди,,General,2024-03-14,,,,спільна,2024-03-14,[Ляшенко] Название новости за 13.02.2024 отображается на украинском языке в английской локализации сайта,нова,відкрита,
0001865,QA31,Svitlana,,нормальний,незначна,завжди,,General,2024-03-14,,,,спільна,2024-03-14,"Буква ""U"" отсутствует в списке букв словаря терминов",нова,відкрита,
0001861,QA31,student_qa311_4,,низький,незначна,завжди,,General,2024-03-11,,,,спільна,2024-03-11,[Holnyk] Наложение елементов сайта,нова,відкрита,
0001860,QA31,student_qa311_4,,низький,незначна,не пробував,,General,2024-03-11,,,,спільна,2024-03-11,[Holnyk] Граматическая ошибки,нова,відкрита,
0001859,QA31,student_qa311_4,,нормальний,незначна,завжди,,General,2024-03-11,,,,спільна,2024-03-11,"[Holnyk] Проблема отображения контента раздела ""Лента""",нова,відкрита,
0001858,QA31,student_qa311_4,,нормальний,незначна,завжди,,General,2024-03-11,,,,спільна,2024-03-11,"[Holnyk] Некорректная работа ссылки на сервис ""Skype""",нова,відкрита,
0001857,QA31,student_qa311_4,,низький,незначна,завжди,,General,2024-03-11,,,,спільна,2024-03-11,[Holnyk] Наложение елементов сайта,нова,відкрита,
0001856,QA31,student_qa311_4,,високий,незначна,завжди,,General,2024-03-11,,,,спільна,2024-03-11,[Holnyk] Отсутствие локализации документации,нова,відкрита,
0001855,QA31,student_qa311_4,,високий,незначна,завжди,,General,2024-03-11,,,,спільна,2024-03-11,[Holnyk] Отсутствие локализации документации,нова,відкрита,
0001854,QA31,student_qa311_4,,нормальний,незначна,завжди,,General,2024-03-11,,,,спільна,2024-03-11,[Holnyk] Отсутствие локализации документации,нова,відкрита,
0001853,QA31,student_qa311_4,,високий,незначна,завжди,,General,2024-03-11,,,,спільна,2024-03-11,[Holnyk] Отсутствие локализации,нова,відкрита,
0001852,QA31,student_qa311_4,,низький,незначна,завжди,,General,2024-03-11,,,,спільна,2024-03-11,Отсутствие локализации,нова,відкрита,
0001848,QA31,Aleksandr123,,нормальний,доводка,завжди,,General,2024-03-10,windows 11,home,Google Chrome,спільна,2024-03-10,"[Tarasenko] В словаре терминов, отсутствует описание терминологии Blockchain.",нова,відкрита,
0001847,QA31,Aleksandr123,,нормальний,доводка,завжди,,General,2024-03-10,windows 11,home,Google Chrome,спільна,2024-03-10,"[Tarasenko] В словаре терминов, отсутствует описание терминологии Android.",нова,відкрита,
0001846,QA31,Aleksandr123,,нормальний,доводка,завжди,,General,2024-03-10,windows 11,home,Google Chrome,спільна,2024-03-10,[Tarasenko] Не корректная работа ссылки на Skype.,нова,відкрита,
0001845,QA31,Aleksandr123,,нормальний,доводка,завжди,,General,2024-03-10,windows 11,home,Google Chrome,спільна,2024-03-10,[Tarasenko] Отсутствие расшифровки аббревиатуры.,нова,відкрита,
0001844,QA31,Aleksandr123,,нормальний,доводка,завжди,,General,2024-03-10,windows 11,home,Google Chrome,спільна,2024-03-10,[Tarasenko] Наложение верстки.,нова,відкрита,
0001843,QA31,Aleksandr123,,нормальний,доводка,завжди,,General,2024-03-10,windows 11,home,Google Chrome,спільна,2024-03-10,[Tarasenko] Не корректное поведение lightbox-эффекта,нова,відкрита,
0001842,QA31,Aleksandr123,,нормальний,доводка,завжди,,General,2024-03-10,windows 11,home,google hrome,спільна,2024-03-10,[Tarasenko] Отсутствие проверки валидности электронной почты,нова,відкрита,
0001841,QA31,Aleksandr123,,низький,доводка,завжди,,General,2024-03-10,Windows 11,home,Google hrome,спільна,2024-03-10,"[Tarasenko] при нажатии на флаг над логотипом, переход на страницу банка ""NBU""",нова,відкрита,
0001834,QA31,Zhuk,,низький,незначна,завжди,,General,2024-03-07,Windows 10 Pro,22H2,,спільна,2024-03-07,Название города Одесса неправильно написано в англ локализации,нова,відкрита,
0001833,QA31,Zhuk,,низький,текст,завжди,,General,2024-03-07,Windows 10 Pro,22H2,,спільна,2024-03-07,"Не переведено название ссылки ""Подпишись на нас в инстаграм"" в разделе ""О нас"" на русский язык",нова,відкрита,
0001832,QA31,Zhuk,,низький,текст,завжди,,General,2024-03-07,Windows 10 Pro,22H2,,спільна,2024-03-07,"Не переведено название подраздела Expirience в разделе ""О нас"" на русский язык",нова,відкрита,
0001831,QA31,Zhuk,,низький,текст,завжди,,General,2024-03-07,Windows 10 Pro,22H2,,спільна,2024-03-07,Лента новостей в разделе Feed не соответствует выбранной англ докализации,нова,відкрита,
0001830,QA31,Zhuk,,низький,незначна,завжди,,General,2024-03-07,Windows 10 Pro,22H2,,спільна,2024-03-07,"Не появляется анимация при наведении на ""Електронні картки Apple i Google в главном меню сайта",нова,відкрита,
0001829,QA31,Zhuk,,нормальний,незначна,завжди,,General,2024-03-07,Windows 10 Pro,22H2,,спільна,2024-03-07,Не воспроизводится видео в разделе Стрічка,нова,відкрита,
0001828,QA31,Zhuk,,нормальний,незначна,завжди,,General,2024-03-07,Windows 10 Pro,22H2,,спільна,2024-03-07,"Отсутствует возможность определить длительность проекта с в разделе ""Розрахунок вартості""",нова,відкрита,
0001827,QA31,Zhuk,,низький,текст,завжди,,General,2024-03-07,Windows 10 Pro,22H2,,спільна,2024-03-07,Термин Android написан с ошибкой в разделе  F.Q.A.,нова,відкрита,
0001826,QA31,Zhuk,,нормальний,незначна,завжди,,General,2024-03-07,Windows 10 Pro,22H2,,спільна,2024-03-07,Отсутвует ссылка на разьяснение терминов в разделе F.Q.A.,нова,відкрита,
0001825,QA31,Zhuk,,нормальний,незначна,завжди,,General,2024-03-07,Windows 10 Pro,22H2,,спільна,2024-03-07,"Функция ""Связаться с экспертами"" работает при введении невалидных данных",нова,відкрита,
0001652,QA31,asdasdasd,,нормальний,побажання,не пробував,,General,2024-02-29,,,,спільна,2024-02-29,Наложение элементов друга на друга в футере,нова,відкрита,
0001651,QA31,A,,низький,незначна,випадково,,General,2024-02-04,,,,спільна,2024-02-04,Частично отсутствует локализация при выборе English в настройках персонажа,нова,відкрита,
0001650,QA31,A,,нормальний,незначна,не пробував,,General,2024-02-04,,,,спільна,2024-02-04,"Исчезает окно с вкладками при выборе якоря ""Приключения"" в окне профиля",нова,відкрита,
0001649,QA31,A,,нормальний,незначна,не пробував,,General,2024-02-03,,,,спільна,2024-02-03,"Отсутствуют ссылки на статьи при выборе русской локализации в разделе ""Справка""",нова,відкрита,
0001648,QA31,A,,нормальний,незначна,завжди,,General,2024-02-03,,,,спільна,2024-02-03,"Отсутствует локализация в окне ""Положение о защите данных"" в разделе ""Помощь по игре""",нова,відкрита,
0001647,QA31,A,,низький,незначна,завжди,,General,2024-02-03,,,,спільна,2024-02-03,"Частично отсутствует локализация в окне ""Помощь по игре""",нова,відкрита,
0001646,QA31,A,,низький,незначна,випадково,,General,2024-02-03,,,,спільна,2024-02-03,"Частично отсутствует локализация в окне ""Атака""",нова,відкрита,
0001645,QA31,A,,низький,банальна,завжди,,General,2024-02-03,,,,спільна,2024-02-03,Отсутствует локализация при начальной загрузке игры при выборе русской локализации,нова,відкрита,
0001644,QA31,A,,високий,спричиняє до аварії,завжди,,General,2024-02-03,,,,спільна,2024-02-03,Error-меседж при регистрации в United State-локализации,нова,відкрита,
0001643,QA31,A,,низький,незначна,завжди,,General,2024-02-03,,,,спільна,2024-02-03,"Отсутствует локализация ""Настройки конфиденциальности"" в левом нижнем углу при выборе локализации United States",нова,відкрита,
0001642,QA31,Viktor,,нормальний,доводка,не пробував,,General,2023-12-27,,,,спільна,2023-12-27,[Колесник] Кнопка становиться не читабельной в черно-белом варианте страницы.,нова,відкрита,
0001641,QA31,Viktor,,високий,значна,не пробував,,General,2023-12-26,,,,спільна,2023-12-26,"[Колесник] Не переведена полностью на укр. локализацию ""Поддержка в чате""",нова,відкрита,
0001640,QA31,Viktor,,високий,значна,не пробував,,General,2023-12-26,,,,спільна,2023-12-26,"[Колесник] Отсутствует заполнение страницы ""ЕЛЕКТРОННІ КОНСУЛЬТАЦІЇ З ГРОМАДСЬКІСТЮ""",нова,відкрита,
0001639,QA31,Viktor,,високий,значна,не пробував,,General,2023-12-26,,,,спільна,2023-12-26,"[Колесник] При выборе кнопки поиска и скролинге страницы пропадают кнопки ""Збільшити шрифт"" и ""Змінити на синій""",нова,відкрита,
0001638,QA31,Viktor,,нормальний,незначна,не пробував,,General,2023-12-26,,,,спільна,2023-12-26,"[Колесник]  Кнопка ""Далі"" не кликабельна при использование интерактивного помощника.",нова,відкрита,
0001637,QA31,Viktor,,нормальний,значна,не пробував,,General,2023-12-26,,,,спільна,2023-12-26,"[Колесник] Переходит на главную страницу. Выбрать раздел ""Освіта"" перевести с укр. локализации в англ. локализацию.",нова,відкрита,
0001636,QA31,Viktor,,низький,доводка,не пробував,,General,2023-12-26,,,,спільна,2023-12-26,"[Колесник]  Не отображаются Google карты в разделе ""Контакты""",нова,відкрита,
0001635,QA31,Natasia Rudenko,,нормальний,незначна,не пробував,,General,2023-12-19,,,,спільна,2023-12-19,"Пропадает текст в кнопках ""Завантажити ще"" при чёрно-белом варианте сайта",нова,відкрита,
0001634,QA31,Natasia Rudenko,,високий,доводка,завжди,,General,2023-12-19,,,,спільна,2023-12-19,"Изменение масштаба страницы при переходе на страницу ""ВИЩІ НАВЧАЛЬНІ ЗАКЛАДИ""",нова,відкрита,
0001633,QA31,Natasia Rudenko,,високий,значна,завжди,,General,2023-12-19,,,,спільна,2023-12-19,"Отсутствует какая-либо информация на странице ""Консультації з громадськістю""",нова,відкрита,
0001632,QA31,Natasia Rudenko,,низький,незначна,завжди,,General,2023-12-19,,,,спільна,2023-12-19,"Не кликабельна кнопка ""Завантажити ще"" на странице ""Партнери""",нова,відкрита,
0001631,QA31,Natasia Rudenko,,високий,незначна,завжди,,General,2023-12-19,,,,спільна,2023-12-19,Отсутствует значок Тelegram в английской локализации,нова,відкрита,
0001630,QA31,Natasia Rudenko,,низький,доводка,іноді,,General,2023-12-19,,,,спільна,2023-12-19,"не загружается Google карта  на странице ""Прес-центр""",нова,відкрита,
0001629,QA31,Natasia Rudenko,,нормальний,незначна,завжди,,General,2023-12-18,,,,спільна,2023-12-18,"Не кликабельна кнопка ""Далі"" на панели помощника на главной странице",нова,відкрита,
0001628,QA31,Akulova Anastasiia,,нормальний,значна,завжди,,General,2023-12-18,,,,спільна,2023-12-18,[Акулова] Відсутня повна кількість пунктів контекстного меню у всіх заголовках хедеру в англомовній версії сайту,нова,відкрита,
0001627,QA31,Akulova Anastasiia,,нормальний,незначна,завжди,,General,2023-12-18,,,,спільна,2023-12-18,"[Акулова] Відсутня можливість поділитись матеріалами через соцмережі з розділу ""Документи"" та ""Пресцентр""",нова,відкрита,
0001626,QA31,valera1,,високий,значна,завжди,,General,2023-12-18,,,,спільна,2023-12-18,"[Горин] При черно-белой версии сайта в разделе ""ДОПОМОГА УКРАЇНСЬКИМ МЕДИКАМ ТА АРМІЇ"" отсутствует кнопка ""Докладніше""",нова,відкрита,
0001625,QA31,valera1,,високий,значна,завжди,,General,2023-12-18,,,,спільна,2023-12-18,"[Горин] Отсутствует раздел ""Документи"" при английской локализации сайта",нова,відкрита,
0001624,QA31,valera1,,високий,незначна,завжди,,General,2023-12-18,,,,спільна,2023-12-18,"[Горин] При английской локализации отсутствует раздел ""Громадянам""",нова,відкрита,
0001623,QA31,valera1,,високий,значна,завжди,,General,2023-12-18,,,,спільна,2023-12-18,[Горин] При английской локализации отсутствует ссылка на Телеграм,нова,відкрита,
0001622,QA31,valera1,,нормальний,значна,завжди,,General,2023-12-18,,,,спільна,2023-12-18,"[Горин] При английской локализации отсутствует раздел ""Медичним працівникам""",нова,відкрита,
0001621,QA31,valera1,,нормальний,значна,завжди,,General,2023-12-18,,,,спільна,2023-12-18,"[Горин] При украинской локализации отсутствует раздел ""Для пацієнтів""",нова,відкрита,
0001620,QA31,valera1,,нормальний,значна,завжди,,General,2023-12-18,,,,спільна,2023-12-18,"[Горин] Отсутствует полная информация о номерах телефонов при английской локализации в разделе ""Contacts""",нова,відкрита,
0001619,QA31,Akulova Anastasiia,,низький,банальна,завжди,,General,2023-12-18,,,,спільна,2023-12-18,"[Акулова] Недійсне посилання на аудіоверсію новини від 11 січня у розділі ""Пресцентр → інтерв'ю""",нова,відкрита,
0001618,QA31,Akulova Anastasiia,,нормальний,незначна,не пробував,,General,2023-12-18,,,,спільна,2023-12-18,[Акулова] Відсутній перехід до архіву у розділі Документи,нова,відкрита,
0001617,QA31,Akulova Anastasiia,,високий,доводка,завжди,,General,2023-12-18,,,,спільна,2023-12-18,"[Акулова] Google карти у розділі ""Контакти"" та розділі ""Пресцентр → контакти пресслужби"" не відображаються",нова,відкрита,
0001616,QA31,Akulova Anastasiia,,нормальний,значна,випадково,,General,2023-12-18,,,,спільна,2023-12-18,[Акулова] Відсутній перехід за посиланням/помилка 502 у інтерв'ю від 19 липня,нова,відкрита,
0001615,QA31,Akulova Anastasiia,,нормальний,незначна,завжди,,General,2023-12-18,,,,спільна,2023-12-18,"[Акулова] button ""Завантажити ще "" у розділі ""Пресцентр"" не відкликається",нова,відкрита,
0001614,QA31,Tani,,високий,значна,не пробував,,General,2023-12-18,,,,спільна,2023-12-18,"[Kliarska Tetiana] Отсутствует переход на следующий шаг  в разделе ""ІНТЕРАКТИВНИЙ ПОМІЧНИК"" на главной странице",нова,відкрита,
0001613,QA31,Tani,,нормальний,незначна,не пробував,,General,2023-12-18,,,,спільна,2023-12-18,"[Kliarska Tetiana]  Отсутствует  страница  при переходе ""Державний нагляд (контроль)"" в футере",нова,відкрита,
0001612,QA31,Tani,,нормальний,значна,завжди,,General,2023-12-18,,,,спільна,2023-12-18,"[Kliarska Tetiana] Отсутствует заполнения раздела ""КОНСУЛЬТАЦІЇ З ГРОМАДСЬКІСТЮ"", пустая страница",нова,відкрита,
0001611,QA31,AlexQA31,,низький,банальна,завжди,,General,2023-12-18,,,,спільна,2023-12-18,"[Шостенко] Наложение текста в меню ""Документы""",нова,відкрита,
0001610,QA31,AlexQA31,,низький,банальна,завжди,,General,2023-12-18,,,,спільна,2023-12-18,"[Шостенко] Номер контактного телефона в футере на главной странице и по ссылке ""Контакты"" указаны в разном формате",нова,відкрита,
0001609,QA31,Tani,,високий,значна,завжди,,General,2023-12-18,,,,спільна,2023-12-18,"[Kliarska Tetiana] Отсутствует содержимое  в разделе ""Ліцензійний реєстр МОЗ України з медичної практики""",нова,відкрита,
0001608,QA31,AlexQA31,,нормальний,банальна,завжди,,General,2023-12-18,,,,спільна,2023-12-18,"[Шостенко] Функция ""Поиск"" работает не корректно",нова,відкрита,
0001607,QA31,AlexQA31,,низький,банальна,завжди,,General,2023-12-18,,,,спільна,2023-12-18,"[Шостенко] Ошибка локализации, при переходе по ссылке на Telegram-канал",нова,відкрита,
0001606,QA31,AlexQA31,,низький,банальна,завжди,,General,2023-12-18,,,,спільна,2023-12-18,[Шостенко] Не кликабельные 2 из 3х ссылки на сайты партнеров в футере,нова,відкрита,
0001605,QA31,Tani,,нормальний,текст,завжди,,General,2023-12-18,,,,спільна,2023-12-18,"[Kliarska Tetiana] Присутствует наложение текста  в меню ""Освіта""",нова,відкрита,
0001604,QA31,Tani,,нормальний,доводка,не пробував,,General,2023-12-18,,,,спільна,2023-12-18,"[Kliarska Tetiana] Отсутствует загрузка ""Карты Google"" в меню ""Контакты""",нова,відкрита,
0001603,QA31,Tani,,нормальний,доводка,завжди,,General,2023-12-18,,,,спільна,2023-12-18,[Kliarska Tetiana] Отсутствует карта сайта в футере внизу справа,нова,відкрита,
0001602,QA31,AlexQA31,,низький,значна,завжди,,General,2023-12-18,,,,спільна,2023-12-18,"[Шостенко] Битые ссылки на гугл карты в разделе ""Контакти""",нова,відкрита,
0001601,QA31,AlexQA31,,високий,значна,завжди,,General,2023-12-18,,,,спільна,2023-12-18,[Шостенко]Подписка на рассылку новостей в футере не реагирует на действия пользователя,нова,відкрита,
0001600,QA31,Svitlana,,нормальний,незначна,завжди,,General,2023-12-18,,,,спільна,2023-12-18,"[Ляшенко]Смещение названий тегов новостей на странице ""ПРЕСЦЕНТР"" в правую сторону",нова,відкрита,
0001599,QA31,Svitlana,,високий,значна,завжди,,General,2023-12-18,,,,спільна,2023-12-18,[Ляшенко] Подписка на рассылку новостей не осуществляется,нова,відкрита,
0001598,QA31,Marina,,низький,незначна,завжди,,General,2023-12-18,,,,спільна,2023-12-18,"[ Marina Munteanu ] Відсутність тултипу для іконки ""Чату підтримки"" при наведенні  курсора миші",нова,відкрита,
0001597,QA31,Marina,,терміново,значна,завжди,,General,2023-12-18,,,,спільна,2023-12-18,[ Marina Munteanu ]  Перекриття можливості використання жестової мови чатом підтримки при натисканні,нова,відкрита,
0001596,QA31,Svitlana,,нормальний,незначна,завжди,,General,2023-12-18,,,,спільна,2023-12-18,"[Ляшенко] Карты Google не загружаются на странице ""Контакты""",нова,відкрита,
0001595,QA31,Svitlana,,низький,банальна,завжди,,General,2023-12-18,,,,спільна,2023-12-18,"Ненужный символ ""_"" в строчке tel: на странице ""CONTACTS"" в английской локализации сайта",нова,відкрита,
0001594,QA31,Marina,,нормальний,незначна,завжди,,General,2023-12-18,,,,спільна,2023-12-18,[ Marina Munteanu ]  Нефункціонуючий пошук на сайті під українською локалізацією,нова,відкрита,
0001593,QA31,Svitlana,,високий,значна,завжди,,General,2023-12-18,,,,спільна,2023-12-18,"[Ляшенко]Номер телефона Hotline в футере сайта при английской локализации отличается, если навести на него мышкой",нова,відкрита,
0001592,QA31,Svitlana,,високий,значна,завжди,,General,2023-12-17,,,,спільна,2023-12-17,"[Ляшенко] 404 ошибка при переходе на страницу ""Державний нагляд (контроль)""",нова,відкрита,
0001591,QA31,Marina,,високий,значна,завжди,,General,2023-12-17,,,,спільна,2023-12-17,"[ Marina Munteanu ]   Помилка при завантаженні карт у розділі ""Контакти""",нова,відкрита,
0001590,QA31,Svitlana,,високий,значна,завжди,,General,2023-12-17,,,,спільна,2023-12-17,"[Ляшенко] Битые ссылки в колонке ""Посилання"" на странице ""Дослідницькі інститути""",нова,відкрита,
0001589,QA31,Marina,,високий,значна,завжди,,General,2023-12-17,,,,спільна,2023-12-17,"[ Marina Munteanu ]  Затемнена  кнопка ""Вся структура МОЗ"" у банері ""Структура"" на головному екрані",нова,відкрита,
0001588,QA31,Rivne,,низький,незначна,завжди,,General,2023-12-17,,,,спільна,2023-12-17,"[Glivchuk] Інтерактивне вікно ""Онлайн підтримка"" перекриває кнопку ""звернення мовою жестів"" при першому відкритті сторінки",нова,відкрита,
0001587,QA31,Rivne,,низький,банальна,завжди,,General,2023-12-17,,,,спільна,2023-12-17,"[Glivchuk] Не читаємий текст в картинці ""за підтримки"" в футері сайту",нова,відкрита,
0001586,QA31,Rivne,,низький,банальна,завжди,,General,2023-12-17,,,,спільна,2023-12-17,"[Glivchuk] Некоректне розміщення картинки в банері, в рубриці ""статті"" в вікні Громадянам",нова,відкрита,
0001585,QA31,Rivne,,нормальний,незначна,не пробував,,General,2023-12-17,,,,спільна,2023-12-17,"[Glivchuk] Зміщення тексту ""РЕФОРМИ"" в розділі "" Медична реформа"" в вікні ""Про Міністерство""",нова,відкрита,
0001584,QA31,Rivne,,низький,значна,завжди,,General,2023-12-17,,,,спільна,2023-12-17,"[Glivchuk] Повідомлення ""Сталася помилка."" в банері ""карта"" в розділі ""Контакти""",нова,відкрита,
0001583,QA31,Rivne,,нормальний,незначна,завжди,,General,2023-12-17,,,,спільна,2023-12-17,"[Glivchuk] Кнопки ""звернення мовою жестів"" та ""Чат"" в правому нижньому кутку вікна незмінюють колір, при перемиканні перемикача",нова,відкрита,
0001582,QA31,Rivne,,нормальний,незначна,завжди,,General,2023-12-17,,,,спільна,2023-12-17,"[Glivchuk] Текст ""Докладно"" зливається з фоном кнопки при натисненні перемикача ""змінити на чорно-білий""на головній сторінці",нова,відкрита,
0001581,QA31,Marina,,нормальний,значна,завжди,,General,2023-12-17,,,,спільна,2023-12-17,"[ Marina Munteanu ]  Відсутність інформації у розділі ""НАЦІОНАЛЬНА РАДА З ПИТАНЬ ПРОТИДІЇ ТУБЕРКУЛЬОЗУ ТА ВІЛ/СНІД""",нова,відкрита,
0001580,QA31,Marina,,високий,значна,завжди,,General,2023-12-17,,,,спільна,2023-12-17,[ Marina Munteanu ]  Недоступність інтерактивного помічника під час української локалізації,нова,відкрита,
0001579,QA31,student_qa311_4,,нормальний,незначна,завжди,,General,2023-12-17,,,,спільна,2023-12-17,"Ошибка 404 при переходе в раздел ""Державний нагляд (контроль)"" находящийся в футтере сайта",нова,відкрита,
0001578,QA31,student_qa311_4,,нормальний,значна,завжди,,General,2023-12-17,,,,спільна,2023-12-17,"Исчезает название кнопки ""Докладніше"" при переходе в режим ""Чорно-Білий"" на слайде ""ДОПОМОГА УКРАЇНСЬКИМ МЕДИКАМ ТА АРМІЇ""",нова,відкрита,
0001577,QA31,student_qa311_4,,високий,значна,завжди,,General,2023-12-17,,,,спільна,2023-12-17,"Конфликт функций ""Для людей з порушенням зору"" и ""Змінити на синій""",нова,відкрита,
0001576,QA31,student_qa311_4,,низький,банальна,завжди,,General,2023-12-17,,,,спільна,2023-12-17,Наложение одного текста на другой в названиях ссылок ведущих к дополнительной информации в блоках информационных статей,нова,відкрита,
0001575,QA31,student_qa311_4,,високий,незначна,завжди,,General,2023-12-17,,,,спільна,2023-12-17,"Не загружаются гугл карты в разделе ""Контакты""",нова,відкрита,
0001574,QA31,student_qa311_4,,низький,незначна,не пробував,,General,2023-12-17,,,,спільна,2023-12-17,"Окно поиска перестаёт открываться при многократном нажатии на кнопку ""Поиск"" в хеддере сайта",нова,відкрита,
0001573,QA31,student_qa311_4,,нормальний,незначна,завжди,,General,2023-12-17,,,,спільна,2023-12-17,"Цвет кнопки ""Поиск"" сливается с фоном сайта в хеддере и слабозаметен",нова,відкрита,
0001572,QA31,student_qa311_4,,високий,значна,не пробував,,General,2023-12-14,,,,спільна,2023-12-14,Пользователь может зарегестрироваться под несуществующей электронной почтой.,нова,відкрита,
0001571,QA31,Zhuk,,нормальний,незначна,завжди,,General,2023-12-13,Windows 10 Pro,,,спільна,2023-12-13,[Zhukova] Ошибка 404 при открытии  ЗАПИТАННЯ ТА ВІДПОВІДІ в разделе Медичним працівникам,нова,відкрита,
0001570,QA31,Zhuk,,низький,текст,завжди,,General,2023-12-13,Windows 10 Pro,22H2,,спільна,2023-12-13,[Zhukova] Ошибка 404 при переходе по ссылке в тексте раздела МЕДИЧНИМ ПРАЦІВНИКАМ,нова,відкрита,
0001569,QA31,Zhuk,,низький,незначна,завжди,,General,2023-12-13,Windows 10 Pro,22H2,,спільна,2023-12-13,[Zhukova] Наложение графики сайта на текст в разделе Реєстри,нова,відкрита,
0001568,QA31,Zhuk,,високий,значна,завжди,,General,2023-12-13,Windows 10 Pro,22H2,,спільна,2023-12-13,"[Zhukova] Ошибка 404 при открытии страницы ""Державний нагляд (контроль)""",нова,відкрита,
0001567,QA31,Zhuk,,низький,текст,завжди,,General,2023-12-13,Windows 10 Pro,22H2,,спільна,2023-12-13,"[Zhukova] Шаблон запроса ""повідомлення про корупцію"" написано с маленькой буквы",нова,відкрита,
0001566,QA31,Zhuk,,нормальний,незначна,завжди,,General,2023-12-13,Windows 10 Pro,22H2,,спільна,2023-12-13,Ошибка загрузки карт Гугл в разделе Контакты,нова,відкрита,
0001565,QA31,Zhuk,,нормальний,доводка,завжди,,General,2023-12-13,Windows 10 Pro,22H2,,спільна,2023-12-13,[Zhukova]Пропадает текст на вкладке ДОКЛАДНІШЕ в разделе ДОПОМОГА УКРАЇНСЬКИМ МЕДИКАМ ТА АРМІЇ при переходе на черно-белый режим,нова,відкрита,
0001564,QA31,Aleksandr123,,високий,незначна,завжди,,General,2023-12-13,,,,спільна,2023-12-13,[Tarasenko] Наложение верстки.,нова,відкрита,
0001445,QA31,Aleksandr123,,нормальний,доводка,завжди,,General,2023-12-09,,,,спільна,2023-12-13,[Tarasenko] Наложение верстки.,нова,відкрита,
0001563,QA31,Aleksandr123,,нормальний,незначна,завжди,,General,2023-12-13,,,,спільна,2023-12-13,[Tarasenko] Ошибка 404 в поисковой строке,нова,відкрита,
0001562,QA31,Aleksandr123,,нормальний,незначна,завжди,,General,2023-12-13,,,,спільна,2023-12-13,"[Tarasenko] Не отображается текст ""Перейти до довідника"" при черно-белом форматировании шрифта в разделе ""Контакты"".",нова,відкрита,
0001561,QA31,Aleksandr123,,високий,значна,завжди,,General,2023-12-13,,,,спільна,2023-12-13,"[Tarasenko] Отсутствует форма обратной связи для Англоязычных граждан в разделе ""Контакты"".",нова,відкрита,
0001560,QA31,Aleksandr123,,нормальний,доводка,завжди,,General,2023-12-13,,,,спільна,2023-12-13,[Tarasenko] Не корректное отображение информационных блоков в header при смене языка.,нова,відкрита,
0001559,QA31,Aleksandr123,,нормальний,доводка,завжди,,General,2023-12-13,,,,спільна,2023-12-13,"[Tarasenko] Не отображает карту в ссылке ""Контакты"".",нова,відкрита,
0001558,QA31,Aleksandr123,,нормальний,незначна,завжди,,General,2023-12-13,,,,спільна,2023-12-13,"[Tarasenko] Выдает ошибку в виде кода, при переходе на информационный блок ""Контакты""",нова,відкрита,
0001557,QA31,manchinipeter,,високий,значна,завжди,,General,2023-12-12,,,,спільна,2023-12-12,[NOVOSOLOV] Недействительны ВСЕ ссылки учебных заведений в разделе Education > Educational Institutions в локализации ENG,нова,відкрита,
0001556,QA31,manchinipeter,,низький,незначна,завжди,,General,2023-12-12,,,,спільна,2023-12-12,[NOVOSOLOV] Присутствует заглушка search_btn на кнопке поиска на странице результатов поиска в локализации ENG,нова,відкрита,
0001555,QA31,manchinipeter,,високий,значна,завжди,,General,2023-12-12,,,,спільна,2023-12-12,[NOVOSOLOV] Точка не соответствует физическому адресу на карте в разделе For Patients > Affordable Medicines в локализации ENG,нова,відкрита,
0001554,QA31,manchinipeter,,низький,незначна,завжди,,General,2023-12-12,,,,спільна,2023-12-12,[NOVOSOLOV] Первая новость не соответствует хронологии в разделе News в локализации ENG,нова,відкрита,
0001553,QA31,Godin V,,високий,значна,не можу відтворити,,General,2023-12-12,,,,спільна,2023-12-12,[Годин Валерий] Не прорисовывается карта мира игры.,нова,відкрита,
0001552,QA31,Godin V,,нормальний,банальна,не можу відтворити,,General,2023-12-12,,,,спільна,2023-12-12,[Годин Валерий] Ошибка «InvalidRequest» на вкладке «Инвентарь» в окне управления персонажем.,нова,відкрита,
0001551,QA31,Godin V,,нормальний,банальна,завжди,,General,2023-12-12,,,,спільна,2023-12-12,[Годин Валерий] Вылет игры на экран авторизации.,нова,відкрита,
0001550,QA31,Godin V,,нормальний,банальна,завжди,,General,2023-12-12,,,,спільна,2023-12-12,[Годин Валерий] Фиксированное значение счётчика времени на вкладке «Приключение».,нова,відкрита,
0001549,QA31,Godin V,,нормальний,банальна,завжди,,General,2023-12-12,,,,спільна,2023-12-12,[Годин Валерий] Неправильное отображение лимита ресурса «зерно».,нова,відкрита,
0001548,QA31,Godin V,,нормальний,банальна,завжди,,General,2023-12-12,,,,спільна,2023-12-12,"[Годин Валерий] Не работает механика игры «Присоединение к королевству», описанная в справке по игре.",нова,відкрита,
0001547,QA31,Godin V,,низький,банальна,завжди,,General,2023-12-12,,,,спільна,2023-12-12,Годин Валерий] Не изменяется цвет бровей персонажа в панели изменения внешности персонажа.,нова,відкрита,
0001546,QA31,Godin V,,високий,значна,завжди,,General,2023-12-12,,,,спільна,2023-12-12,[Годин Валерий] Ошибка валидации – пароль при регистрации.,нова,відкрита,
0001545,QA31,Godin V,,високий,значна,завжди,,General,2023-12-12,,,,спільна,2023-12-12,[Годин Валерий] Ошибка валидации – электронная почта при регистрации.,нова,відкрита,
0001544,QA31,manchinipeter,,високий,значна,завжди,,General,2023-12-12,,,,спільна,2023-12-12,[NOVOSOLOV] Контент Strategy в разделе About the Ministry не актуален в локализации ENG,нова,відкрита,
0001543,QA31,manchinipeter,,низький,незначна,завжди,,General,2023-12-12,,,,спільна,2023-12-12,[NOVOSOLOV] Присутствует заглушка sitemap_label в названии в разделе Sitemap в локализации ENG,нова,відкрита,
0001542,QA31,manchinipeter,,високий,значна,завжди,,General,2023-12-12,,,,спільна,2023-12-12,[NOVOSOLOV] Карта Google недоступна в разделе Контакты,нова,відкрита,
0001541,QA31,Tani,,нормальний,незначна,не пробував,,General,2023-12-12,,,,спільна,2023-12-12,"[Kliarska Tetiana] ""Страницу не найдено"" при выборе перевода страницы на другой язык в меню """"Наука""",нова,відкрита,
0001540,QA31,Natasia Rudenko,,нормальний,доводка,завжди,,General,2023-12-12,,,,спільна,2023-12-12,[Руденко]Не найдена страница  при изменении локализации на английский язык,нова,відкрита,
0001539,QA31,Rivne,,низький,незначна,завжди,,General,2023-12-12,,,,спільна,2023-12-12,"[Glivchuk] Пошук без введення символів, в хедері на головній сторінці",нова,відкрита,
0001538,QA31,AlexQA31,,низький,банальна,завжди,,General,2023-12-12,Windows 10 Pro,22H2,Windows,спільна,2023-12-12,[Шостенко] Не корректно указаны данные о нас в футере в английской локализации,нова,відкрита,
0001537,QA31,Svitlana,,низький,банальна,завжди,,General,2023-12-12,,,,спільна,2023-12-12,[Ляшенко]Год копирайта сайта в английской локализации не соответствует текущему (2023),нова,відкрита,
0001536,QA31,manchinipeter,,низький,незначна,завжди,,General,2023-12-12,,,,спільна,2023-12-12,[NOVOSOLOV] Ссылка Google+ работает некорректно,нова,відкрита,
0001535,QA31,Godin V,,високий,банальна,завжди,,General,2023-12-12,Windows 10 Pro,64 bit.,PC,спільна,2023-12-12,"[Годин Валерий] Отсутствует страница ""Бюджет та закупівлі"" в английской локализации сайта.",нова,відкрита,
0001534,QA31,AlexQA31,,високий,значна,завжди,,General,2023-12-12,Windows 10 Pro,22H2,Windows,спільна,2023-12-12,"[Шостенко] Отсутствует английская локализация раздела ""О нас""",нова,відкрита,
0001533,QA31,manchinipeter,,низький,незначна,завжди,,General,2023-12-12,,,,спільна,2023-12-12,[NOVOSOLOV] Каталог сайта имеет избыточную глубину структуры в локализации EN,нова,відкрита,
0001532,QA31,Natasia Rudenko,,низький,банальна,завжди,,General,2023-12-12,,,,спільна,2023-12-12,"[Руденко] Активные графические артефакты, не имеющие адреса, обновляют страницу при нажатии",нова,відкрита,
0001531,QA31,Zhuk,,нормальний,доводка,завжди,,General,2023-12-12,,,,спільна,2023-12-12,[Zhukova] Отсутствует наполнение подраздела Вступна кампанія 2023 року/Освітні центри,нова,відкрита,
0001530,QA31,Viktor,,високий,значна,не пробував,,General,2023-12-12,,,,спільна,2023-12-12,[Kolesnik] Не существует страницы при переводе на английский язык. Контактная информация. Подразделы МОН.,нова,відкрита,
0001529,QA31,student_qa311_4,,високий,значна,завжди,,General,2023-12-12,,,,спільна,2023-12-12,"Не функциональна кнопка ""пошук"" в версии сайта для людей с проблемами зрения.",нова,відкрита,
0001528,QA31,Zhuk,,низький,незначна,завжди,,General,2023-12-12,,,,спільна,2023-12-12,[Zhukova] Визуальные артефакты в хедере сайта при открытии разделов,нова,відкрита,
0001527,QA31,AlexQA31,,низький,незначна,завжди,,General,2023-12-12,Windows 10 Pro,22H2,Windows,спільна,2023-12-12,"[Шостенко] Битые ссылки раздела ""Часто шукають"" в поиске",нова,відкрита,
0001526,QA31,Akulova Anastasiia,,нормальний,доводка,не пробував,,General,2023-12-12,,,,спільна,2023-12-12,[Акулова] Не работает поисковая строка при переходе с главной страницы в разделы,нова,відкрита,
0001525,QA31,Svitlana,,нормальний,незначна,завжди,,General,2023-12-12,,,,спільна,2023-12-12,[Ляшенко]Новость отображается на румынском языке в английской локализации,нова,відкрита,
0001524,QA31,manchinipeter,,нормальний,значна,завжди,,General,2023-12-12,,,,спільна,2023-12-12,[NOVOSOLOV] Локализация переключается с EN на UA самостоятельно при осуществлении поиска,нова,відкрита,
0001523,QA31,Rivne,,нормальний,незначна,завжди,,General,2023-12-12,,,,спільна,2023-12-12,"[Glivchuk]  Сторінка ""ДОСТУП ДО ПУБЛІЧНОЇ ІНФОРМАЦІЇ"" відсутня в англійській локалізації",нова,відкрита,
0001522,QA31,Marina,,низький,банальна,завжди,,General,2023-12-12,,,,спільна,2023-12-12,[ Marina Munteanu ]  В розділі про освіту деяка інформація перекривається з розділом про типи матеріалів.,нова,відкрита,
0001521,QA31,Godin V,,нормальний,доводка,завжди,,General,2023-12-12,Windows 10 Professiona,64 bit,PC,спільна,2023-12-12,[Годин Валерий] Не загружается страница министерства в Instagram,нова,відкрита,
0001520,QA31,Aleksandr123,,нормальний,доводка,завжди,,General,2023-12-12,,,,спільна,2023-12-12,"[Tarasenko] Наложение элемента ""Поиск"" на Заглавную надпись при увеличении масштаба",нова,відкрита,
0001519,QA31,student_qa311_4,,високий,значна,не пробував,,General,2023-12-12,,,,спільна,2023-12-12,Фон контента страницы перекрывает якоря со ссылками на информацию различных категорий в хеддере.,нова,відкрита,
0001518,QA31,Zhuk,,низький,незначна,завжди,,General,2023-12-12,,,,спільна,2023-12-12,[Zhukova] Отсутствует предполагаемое фото в разделе новости,нова,відкрита,
0001517,QA31,Svitlana,,нормальний,незначна,завжди,,General,2023-12-12,,,,спільна,2023-12-12,"[Ляшенко] Закрыта нижняя часть хедера сайта на странице ""СТАНДАРТИ ВИЩОЇ ОСВІТИ""",нова,відкрита,
0001516,QA31,manchinipeter,,нормальний,незначна,не пробував,,General,2023-12-12,,,,спільна,2023-12-12,[NOVOSOLOV] Некликабельны ссылки во всплывающем окне при нажатии на кнопку поиска,нова,відкрита,
0001513,QA31,A,,нормальний,незначна,не пробував,,General,2023-12-12,,,,спільна,2023-12-12,"{Алина} не активна кнопка ""Пошук"" на главной странице при выборе версии для людей с нарушением зрения",нова,відкрита,
0001515,QA31,Rivne,,нормальний,незначна,завжди,,General,2023-12-12,,,,спільна,2023-12-12,"[Glivchuk] Відсутні посилання в англійській локалізації, на сторінці ""Educational indicators (Dashboard)""",нова,відкрита,
0001514,QA31,Natasia Rudenko,,низький,банальна,завжди,,General,2023-12-12,,,,спільна,2023-12-12,[Руденко] Не корректный значок телеграмма на панели предлагаемых социальных сетей,нова,відкрита,
0001512,QA31,manchinipeter,,низький,незначна,завжди,,General,2023-12-12,,,,спільна,2023-12-12,"[NOVOSOLOV] Поисковый запрос корректный, но превышающий определенное значение обрабатывается некорректно в хедере главной страни",нова,відкрита,
0001511,QA31,valera1,,високий,значна,завжди,,General,2023-12-12,,,,спільна,2023-12-12,"[Горин] Не кликабельная кнопка при английской локализации ""Learning English A1-B1""",нова,відкрита,
0001508,QA31,Tani,,високий,незначна,завжди,,General,2023-12-12,,,,спільна,2023-12-12,[Kliarska Tetiana] Отсутствует перевод на выбранный язык (укр),нова,відкрита,
0001510,QA31,AlexQA31,,низький,незначна,завжди,,General,2023-12-12,Windows 10 Pro,22H2,Windows,спільна,2023-12-12,[Шостенко] Не реагирует на нажатие функция поиска в украинской локализации,нова,відкрита,
0001509,QA31,Akulova Anastasiia,,високий,доводка,не пробував,,General,2023-12-12,,,,спільна,2023-12-12,[Акулова] Нет возможности подписаться на рассылку новостей,нова,відкрита,
0001507,QA31,Zhuk,,низький,незначна,завжди,,General,2023-12-12,,,,спільна,2023-12-12,Ошибка при переходе на ссылку Гугл в разделе ВСТУПНА КАМПАНІЯ 2023 РОКУ,нова,відкрита,
0001506,QA31,student_qa311_4,,високий,незначна,не пробував,,General,2023-12-12,,,,спільна,2023-12-12,Цвет текста выбора локализации сайта плохо видим (серый цвет текста на симем фоне) в хедере сайта справа,нова,відкрита,
0001505,QA31,Aleksandr123,,нормальний,доводка,завжди,,General,2023-12-12,,,,спільна,2023-12-12,[Tarasenko] Не корректное поведение поисковой строки,нова,відкрита,
0001504,QA31,valera1,,нормальний,незначна,завжди,,General,2023-12-12,,,,спільна,2023-12-12,"[Горин] В тексте ""Розклад освітнього Хабу в Вінниці"" присутствует наложение текста на таблицу е > мапи хабів > Вінниця",нова,відкрита,
0001503,QA31,Rivne,,нормальний,незначна,завжди,,General,2023-12-12,,,,спільна,2023-12-12,"[Glivchuk] Значок не існуйочої соціальної мережі ""Твітер"" в футері",нова,відкрита,
0001502,QA31,manchinipeter,,низький,незначна,завжди,,General,2023-12-12,,,,спільна,2023-12-12,[NOVOSOLOV] Ссылка номера телефона имеют вид mailto в футере главной страницы,нова,відкрита,
0001501,QA31,AlexQA31,,нормальний,незначна,не пробував,,General,2023-12-12,Windows 10 Pro,22H2,Windows,спільна,2023-12-12,[Шостенко] Не переведено название министерства в английской локализации,нова,відкрита,
0001500,QA31,Svitlana,,високий,значна,завжди,,General,2023-12-12,,,,спільна,2023-12-12,"""Page not found"" при переходе на английскую локализацию сайта",нова,відкрита,
0001498,QA31,valera1,,високий,незначна,не пробував,,General,2023-12-12,,,,спільна,2023-12-12,[Горин] В названии королевства присутствует возможность не называть королевство,нова,відкрита,
0001497,QA31,Rivne,,нормальний,незначна,не пробував,,General,2023-12-11,,,,спільна,2023-12-11,"[Glivchuk] Неклікабельне поле ""Ставка"" в вікні ""Аукціон"" на початкових стадіях гри",нова,відкрита,
0001496,QA31,valera1,,високий,незначна,іноді,,General,2023-12-11,,,,спільна,2023-12-11,[Горин] Возможность пропустить подтверждение почты при помощи введения кода подтверждения,нова,відкрита,
0001495,QA31,valera1,,високий,значна,не пробував,,General,2023-12-11,,,,спільна,2023-12-11,[Горин] Возможность зарегистрироваться под несуществующей почтой,нова,відкрита,
0001494,QA31,Rivne,,нормальний,банальна,завжди,,General,2023-12-11,,,,спільна,2023-12-11,"[Glivchuk] Введення спецсимволів в строці ""или добавить заметку"" в вікні ""Отметить поле""",нова,відкрита,
0001493,QA31,valera1,,нормальний,незначна,не пробував,,General,2023-12-11,,,,спільна,2023-12-11,"[Горин] В игре название войск называется ""Вурвур""",нова,відкрита,
0001492,QA31,manchinipeter,,високий,значна,не визначено,,General,2023-12-11,,,,спільна,2023-12-11,"[NOVOSOLOV] Диалоговое окно ""Ошибка"" при регистрации при выборе зоны UK",нова,відкрита,
0001491,QA31,Rivne,,низький,незначна,завжди,,General,2023-12-11,,,,спільна,2023-12-11,[Glivchuk] Неможливість обрати бороду жіночому персонажу в вікні кастомізації персонажа,нова,відкрита,
0001490,QA31,manchinipeter,,нормальний,незначна,завжди,,General,2023-12-11,,,,спільна,2023-12-11,"[NOVOSOLOV] Диалоговое окно ""Заметки"" не имеет явных ограничений в количестве символов для ввода",нова,відкрита,
0001489,QA31,manchinipeter,,низький,незначна,завжди,,General,2023-12-11,,,,спільна,2023-12-11,[NOVOSOLOV] Открывается лобби при подтверждении кода электронной почты,нова,відкрита,
0001488,QA31,manchinipeter,,низький,незначна,завжди,,General,2023-12-11,,,,спільна,2023-12-11,"[NOVOSOLOV] Поле ввода имени снова появляется и является пустым после нажатия на кнопку ""?""",нова,відкрита,
0001487,QA31,Rivne,,низький,банальна,завжди,,General,2023-12-11,,,,спільна,2023-12-11,"[Glivchuk] Можливість назвати поселення спецсимволами в вікні ""Головна будівля""",нова,відкрита,
0001486,QA31,manchinipeter,,нормальний,незначна,завжди,,General,2023-12-11,,,,спільна,2023-12-11,"[NOVOSOLOV] Диалоговое окно ""Регистрация"" после прохождения туториала возможно закрыть",нова,відкрита,
0001484,QA31,valera1,,високий,значна,не пробував,,General,2023-12-11,,,,спільна,2023-12-11,[Акулова] игра выдает ошибку при регистрации с немецкой локализации через браузер Opera,нова,відкрита,
0001483,QA31,manchinipeter,,нормальний,незначна,завжди,,General,2023-12-11,,,,спільна,2023-12-11,"[NOVOSOLOV] Название ""Регистрация"" при входе на Вики не соответствует функции кнопки в диалоговом окне",нова,відкрита,
0001481,QA31,manchinipeter,,нормальний,незначна,завжди,,General,2023-12-11,,,,спільна,2023-12-11,[NOVOSOLOV] Диалоговое окно помощь на экране регистрации закрывается автоматически появлением реплики NPC,нова,відкрита,
0001480,QA31,manchinipeter,,низький,незначна,завжди,,General,2023-12-11,,,,спільна,2023-12-11,Ссылка Положение о защите данных в футере главной страницы открывает документ на английском языке,нова,відкрита,
0001478,QA31,manchinipeter,,низький,незначна,завжди,,General,2023-12-11,,,,спільна,2023-12-11,[NOVOSOLOV] Ссылка Rail Nation в футере главной страницы ведет на пустой документ,нова,відкрита,
0001476,QA31,Rivne,,низький,незначна,завжди,,General,2023-12-11,,,,спільна,2023-12-11,"[Glivchuk] Некоректне центрування картинки в вікні ""Важное системное сообщение""",нова,відкрита,
0001475,QA31,AlexQA31,,низький,банальна,випадково,,General,2023-12-11,Windows 10 Pro,22H2,Windows,спільна,2023-12-11,"[Шостенко] Счетчик ""Отчеты"" в игре работает не корректоно",нова,відкрита,
0001474,QA31,Rivne,,терміново,блокуюча,завжди,,General,2023-12-11,,,,спільна,2023-12-11,"[Glivchuk] Вікно ""An error occurred"" при спробі зареєструвати нового користувача у вікні реєстрації",нова,відкрита,
0001473,QA31,AlexQA31,,високий,незначна,завжди,,General,2023-12-11,Windows 10 Pro,22H2,Windows,спільна,2023-12-11,[Шостенко]Ошибка при регистрации с US локализацией,нова,відкрита,
0001472,QA31,AlexQA31,,нормальний,незначна,завжди,,General,2023-12-11,Windows 10 Pro,22H2,Windows,спільна,2023-12-11,"[Шостенко]Функция ""Пригласить друга"" работает не корректно",нова,відкрита,
0001471,QA31,AlexQA31,,низький,банальна,завжди,,General,2023-12-11,Windows 10 Pro,22H2,Windows,спільна,2023-12-11,Курсор появляется возле игрового указателя-подсказки,нова,відкрита,
0001470,QA31,student_qa311_4,,високий,значна,завжди,,General,2023-12-11,,,,спільна,2023-12-11,"Невозможно зарегестрировать нового иргока при выборе ""International"" локализации",нова,відкрита,
0001469,QA31,student_qa311_4,,низький,незначна,завжди,,General,2023-12-11,,,,спільна,2023-12-11,"Не отображается логотип игры в разделе ""Вики"" слева вверху",нова,відкрита,
0001468,QA31,Zhuk,,низький,незначна,іноді,,General,2023-12-11,,,,спільна,2023-12-11,Появляется окно регистрации при входе в Travian Kingdoms Wiki,нова,відкрита,
0001467,QA31,Marina,,низький,банальна,завжди,,General,2023-12-11,,,,спільна,2023-12-11,"[ Marina Munteanu ]   Проблема з розташуванням тексту в Travian Kingdoms Wiki у розділі  ""Герой""",нова,відкрита,
0001466,QA31,Marina,,невідкладно,блокуюча,не можу відтворити,,General,2023-12-11,,,,спільна,2023-12-11,[ Marina Munteanu ]  Не можливо зареєструватись при англійській локалізації,нова,відкрита,
0001465,QA31,Marina,,низький,банальна,завжди,,General,2023-12-11,,,,спільна,2023-12-11,"[ Marina Munteanu ]  Відсутність тултипу для ""Вікі"" на арені ігри",нова,відкрита,
0001464,QA31,Marina,,високий,значна,не пробував,,General,2023-12-11,,,,спільна,2023-12-11,"[ Marina Munteanu ]  Автоматичне перемикання мови при виборі меню  на сторінці  ""Travian Kingdoms Wiki""",нова,відкрита,
0001463,QA31,Svitlana,,терміново,спричиняє до аварії,завжди,,General,2023-12-11,,,,спільна,2023-12-11,"Отображается ошибка HTTP ERROR 500 при переходе по ссылке ""Rail Nation"" с украинских, американских, английских IP",нова,відкрита,
0001462,QA31,Marina,,високий,значна,завжди,,General,2023-12-11,,,,спільна,2023-12-11,[ Marina Munteanu ] Відсутня інформація про героя в іспанській локалізації,нова,відкрита,
0001461,QA31,Svitlana,,високий,значна,завжди,,General,2023-12-11,,,,спільна,2023-12-11,"Битая ссылка в разделе ""Королевства"" при турецкой локализации",нова,відкрита,
0001460,QA31,Svitlana,,нормальний,незначна,завжди,,General,2023-12-11,,,,спільна,2023-12-11,"Автоматически выбирается испанский при переходе в раздел ""Tribes"" Вики английской локализации",нова,відкрита,
0001459,QA31,Svitlana,,низький,банальна,завжди,,General,2023-12-11,,,,спільна,2023-12-11,"Название блоков ""Menu"" и ""Page Menu"" в ""Вики"" не переводятся с английского на другие языки",нова,відкрита,
0001458,QA31,Svitlana,,нормальний,банальна,завжди,,General,2023-12-11,,,,спільна,2023-12-11,"Не загружается изображение в хедере ""Вики""",нова,відкрита,
0001457,QA31,Svitlana,,нормальний,банальна,завжди,,General,2023-12-11,,,,спільна,2023-12-11,"Новость ""Maintenance on 30th of November"" не переводится с английского на другие языки",нова,відкрита,
0001456,QA31,Svitlana,,низький,банальна,завжди,,General,2023-12-11,,,,спільна,2023-12-11,Текст ссылки в новости выходит за пределы новостного блока в российской локализации,нова,відкрита,
0001455,QA31,Svitlana,,нормальний,незначна,завжди,,General,2023-12-11,,,,спільна,2023-12-11,Тип и правила игрового мира COM4 отображаются строками кода,нова,відкрита,
0001454,QA31,Svitlana,,нормальний,незначна,завжди,,General,2023-12-11,,,,спільна,2023-12-11,"Строка из кода видна при наведении на символ ""i"" в рекомендуемых игровых мирах",нова,відкрита,
0001453,QA31,Svitlana,,високий,спричиняє до аварії,завжди,,General,2023-12-11,,,,спільна,2023-12-11,Регистрация нового аккаунта невозможна при выборе локализации United States или United Kingdom,нова,відкрита,
0001452,QA31,Marina,,високий,текст,завжди,,General,2023-12-10,,,,спільна,2023-12-10,[ Marina Munteanu ] Проблема з перекладом кнопок ''button'' у розділі ''Вікі'' під арабською локалізацією,нова,відкрита,
0001451,QA31,Marina,,низький,незначна,завжди,,General,2023-12-09,,,,спільна,2023-12-09,"[ Marina Munteanu ]  Наявність зайвого знаку ""%"" у тексті",нова,відкрита,
0001450,QA31,Aleksandr123,,нормальний,доводка,завжди,,General,2023-12-09,,,,спільна,2023-12-09,"[Tarasenko] Отправление запроса ""Добавить друга"" несуществующему нику.",нова,відкрита,
0001449,QA31,Aleksandr123,,низький,доводка,завжди,,General,2023-12-09,,,,спільна,2023-12-09,"[Tarasenko] Не отображает tooltip ""Вики"".",нова,відкрита,
0001448,QA31,Aleksandr123,,низький,доводка,завжди,,General,2023-12-09,,,,спільна,2023-12-09,[Tarasenko] Не корректное копирование картинки.,нова,відкрита,
0001446,QA31,Aleksandr123,,низький,доводка,завжди,,General,2023-12-09,,,,спільна,2023-12-09,"[Tarasenko] Не упорядоченное отображение  заметок ""Блокнота"".",нова,відкрита,
0001447,QA31,Marina,,високий,значна,завжди,,General,2023-12-09,,,,спільна,2023-12-09,"[ Marina Munteanu ]Неперекладений текст в розділі ""Новини Kingdoms"" під час арабської локалізації.",нова,відкрита,
0001444,QA31,Aleksandr123,,нормальний,доводка,завжди,,General,2023-12-09,,,,спільна,2023-12-09,[Tarasenko] Масштаб не отображает первоначальное состояние.,нова,відкрита,
0001442,QA31,Aleksandr123,,високий,значна,завжди,,General,2023-12-09,,,,спільна,2023-12-09,[Tarasenko] Сбой микротранзакции.,нова,відкрита,
0001443,QA31,Aleksandr123,,нормальний,доводка,завжди,,General,2023-12-09,,,,спільна,2023-12-09,"[Tarasenko]  Отсутствуют настройки клавиатуры, ""Горячие клавиши"".",нова,відкрита,
0001441,QA31,Aleksandr123,,низький,доводка,іноді,,General,2023-12-09,,,,спільна,2023-12-09,[Tarasenko] В header не отображает work area.,нова,відкрита,
0001439,QA31,Aleksandr123,,високий,значна,завжди,,General,2023-12-09,,,,спільна,2023-12-09,[Tarasenko] Не отображает элементы управления,нова,відкрита,
0001440,QA31,Aleksandr123,,низький,доводка,завжди,,General,2023-12-09,,,,спільна,2023-12-09,[Tarasenko]  Изображение выходит за пределы экрана,нова,відкрита,
0001438,QA31,Tani,,високий,доводка,іноді,,General,2023-12-09,,,,спільна,2023-12-09,[Kliarska Tetiana] Во время прохождения игры всплывает окно регистрации,нова,відкрита,
0001437,QA31,Tani,,нормальний,значна,завжди,,General,2023-12-09,,,,спільна,2023-12-09,"[Kliarska Tetiana] Отсутствует перевод на русский язык меню ""Forum""",нова,відкрита,
0001436,QA31,Tani,,нормальний,незначна,не пробував,,General,2023-12-09,,,,спільна,2023-12-09,"[Kliarska Tetiana] Отсутствует должное количество выбора языка в ""Help Center"" на странице Лобби",нова,відкрита,
0001435,QA31,Tani,,нормальний,доводка,завжди,,General,2023-12-09,,,,спільна,2023-12-09,"[Kliarska Tetiana]  Присутствует неполный перевод русского языка в шапке страницы ""Лобби""",нова,відкрита,
0001434,QA31,Tani,,нормальний,текст,завжди,,General,2023-12-09,,,,спільна,2023-12-09,[Kliarska Tetiana] Текст ссылки выходит за пределы границ  в новостях лобби,нова,відкрита,
0001433,QA31,Marina,,високий,значна,завжди,,General,2023-12-09,,,,спільна,2023-12-09,"[ Marina Munteanu ] Тексти перекривають один одного у розділі ""Ігровий світ"" незалежно від вибраної мови",нова,відкрита,
0001432,QA31,Marina,,низький,незначна,завжди,,General,2023-12-09,,,,спільна,2023-12-09,"Текст в розділі ""Новини Kingdoms"" виходить за межі видимого елемента при використанні російської локалізації.",нова,відкрита,
0001431,QA31,Tani,,нормальний,доводка,завжди,,General,2023-12-09,,,,спільна,2023-12-09,"[Kliarska Tetiana] Нет возможности закрыть окно ""Зарегистрироваться с помощью....""",нова,відкрита,
0001430,QA31,Tani,,нормальний,доводка,не пробував,,General,2023-12-09,,,,спільна,2023-12-09,"Нет возможности выйти из меню ""Построить деревню"" (сделать шаг назад)",нова,відкрита,
0001429,QA31,Natasia Rudenko,,нормальний,незначна,завжди,,General,2023-12-09,,,,спільна,2023-12-09,"Неполная локализация страницы ""Настройки конфиденциальности""",нова,відкрита,
0001428,QA31,Natasia Rudenko,,низький,незначна,завжди,,General,2023-12-08,,,,спільна,2023-12-08,на странице Аватар в сообщениях системы отсутствует локализация,нова,відкрита,
0001427,QA31,Natasia Rudenko,,нормальний,значна,завжди,,General,2023-12-08,,,,спільна,2023-12-08,при открытии основной страницы форума происходит частичная локализация,нова,відкрита,
0001426,QA31,Natasia Rudenko,,нормальний,доводка,завжди,,General,2023-12-08,,,,спільна,2023-12-08,При переходе по ссылке на главную страницу Вики в хеддере происходит переход на английскую версию страницы.,нова,відкрита,
0001425,QA31,Natasia Rudenko,,низький,незначна,завжди,,General,2023-12-08,,,,спільна,2023-12-08,Не отображается логотип игры в хеддере на странице Вики,нова,відкрита,
0001424,QA31,Natasia Rudenko,,низький,незначна,завжди,,General,2023-12-08,,,,спільна,2023-12-08,"неполная локализация страницы Вики ""Дань, сокровища и сундуки с ценностями""",нова,відкрита,
0001423,QA31,Zhuk,,низький,доводка,завжди,,General,2023-12-08,,,,спільна,2023-12-08,Невозможно закрыть открытый чат,нова,відкрита,
0001422,QA31,Zhuk,,нормальний,незначна,не пробував,,General,2023-12-08,,,,спільна,2023-12-08,Нет возможности изменить шрифты на курсив или подчеркнутый текст  в блокноте,нова,відкрита,
0001421,QA31,Zhuk,,нормальний,значна,завжди,,General,2023-12-08,,,,спільна,2023-12-08,Нет возможности зарегистрироваться в разделе Discord с корректными данными для регистрации,нова,відкрита,
0001420,QA31,Zhuk,,нормальний,доводка,завжди,,General,2023-12-08,,,,спільна,2023-12-08,"Нет возможности вернуться к игре с вкладки ""Показать все новости""",нова,відкрита,
0001419,QA31,Zhuk,,низький,текст,завжди,,General,2023-12-08,,,,спільна,2023-12-08,Частичный перевод при русской локализации,нова,відкрита,
0001418,QA31,Zhuk,,низький,доводка,завжди,,General,2023-12-08,,,,спільна,2023-12-08,"Вместо переключения вкладок в разделе ""Показать все новости""  открывается новые вкладки в браузере",нова,відкрита,
0001417,QA31,Zhuk,,нормальний,доводка,завжди,,General,2023-12-08,,,,спільна,2023-12-08,Нет возможности зарегистрироваться без подписки на рассылку,нова,відкрита,
0001416,QA31,Zhuk,,високий,значна,іноді,,General,2023-12-08,,,,спільна,2023-12-08,Выбрасывает из игры при получении награды,нова,відкрита,
0001415,QA31,Zhuk,,низький,незначна,завжди,,General,2023-12-08,,,,спільна,2023-12-08,Не выполняется переход на вкладки Travian Kingdoms Wiki,нова,відкрита,
0001414,QA31,Natasia Rudenko,,нормальний,доводка,завжди,,General,2023-12-08,,,,спільна,2023-12-08,"Проблемы с локализацией при переходе по ссылке ""влияние"" на странице Вики",нова,відкрита,
0001413,QA31,Natasia Rudenko,,нормальний,незначна,завжди,,General,2023-12-08,,,,спільна,2023-12-08,"Проблемы с локализацией при переходе по ссылке ""влияние"" на странице Вики",нова,відкрита,
0001412,QA31,Natasia Rudenko,,низький,текст,завжди,,General,2023-12-08,,,,спільна,2023-12-08,не совпадает локализация значков в панели слева на странице помощи и поддержки,нова,відкрита,
0001411,QA31,Natasia Rudenko,,нормальний,текст,завжди,,General,2023-12-08,,,,спільна,2023-12-08,Регистрация на сайте происходит латиницей при российской локализации на кириллице,нова,відкрита,
0001410,QA31,Natasia Rudenko,,нормальний,доводка,завжди,,General,2023-12-08,,,,спільна,2023-12-08,Открытие неправильной вкладки при нажатии правой клавиши на ссылку  Help Center,нова,відкрита,
0001409,QA31,valera1,,нормальний,незначна,не пробував,,General,2023-12-07,,,,спільна,2023-12-07,"[Годин Валерий] Отображение неправильного логотипа Facebook в левой части главной страницы в блоке ссылок ""Мы в социальных сетях",нова,відкрита,
0001407,QA31,valera1,,нормальний,незначна,не пробував,,General,2023-12-05,Windows,Windows 10 Pro,PC,спільна,2023-12-06,[Годин Валерий] Отображение кнопки входа в личный кабинет.,нова,відкрита,
0001408,QA31,student_qa311_4,,низький,незначна,завжди,,General,2023-12-06,,,,спільна,2023-12-06,"Наложение одного текста на другой в поле ""Тип игрового мира"" в блоке ""Информация о игровом мире"" на странице ""Игровой Мир -СОМ4""",нова,відкрита,
0001406,QA31,Marina,,нормальний,значна,завжди,,General,2023-12-05,,,,спільна,2023-12-05,"[Мунтяну] Відсутність  логотипу Facebook в розділі ""Ми в соціальних мережах""  в боковому меню зліва під вибором категорій",нова,відкрита,
0001405,QA31,valera1,,нормальний,банальна,не пробував,,General,2023-12-05,,,,спільна,2023-12-05,Акулова иконка фейсбук,нова,відкрита,
0001404,QA31,valera1,,нормальний,незначна,випадково,,General,2023-12-05,,,,спільна,2023-12-05,[Rudenko]  Логотип Facebook указан неправильно в перечне ссылок на социальные сети в левой части сайта,нова,відкрита,
0001403,QA31,Rivne,,нормальний,значна,завжди,,General,2023-12-05,,,,спільна,2023-12-05,"[Glivchuk]Відсутній значок ""Фейсбук"" в кнопці переходу до сторінки ""Розетки"" в соціальної мережі",нова,відкрита,
0001402,QA31,valera1,,низький,банальна,завжди,,General,2023-12-05,,,,спільна,2023-12-05,"[Гольник] Логотип социальной сети ""Facebook"" в блоке ""Ми в соціальних мережах"" отображён без фирменной буквы ""f""",нова,відкрита,
0001401,QA31,valera1,,нормальний,значна,завжди,,General,2023-12-05,,,,спільна,2023-12-05,"[Tarasenko]  Отсутствует символ ""F"" на логотипе ""Facebook""",нова,відкрита,
0001400,QA31,Viktor,,нормальний,незначна,завжди,,General,2023-12-05,,,,спільна,2023-12-05,"[Колесник]  Боковая панель. В окне ""Мы в социальных сетях"" . В иконке социальной сети ""Facebook"". Отсутствует в кружке буква F.",нова,відкрита,
0001399,QA31,valera1,,нормальний,незначна,не пробував,,General,2023-12-05,,,,спільна,2023-12-05,"[Kliarska Tetiana] Отсутствует логотип ""Фейсбука"" в меню ""Мы с социальных сетях"" слева внизу сайта",нова,відкрита,
0001398,QA31,valera1,,низький,банальна,завжди,,General,2023-12-05,,,,спільна,2023-12-05,"[Шостенко] Отсутствует логотип Facebook в разделе ""Мы в социальных сетях"" слева под основным меню сайта",нова,відкрита,
0001397,QA31,valera1,,низький,банальна,іноді,,General,2023-12-05,,,,спільна,2023-12-05,"[Zhukova] Неверно  изображен логотип Facebook в разделе ""Мы в социальных сетях""",нова,відкрита,
0001396,QA31,valera1,,високий,банальна,завжди,,General,2023-12-05,,,,спільна,2023-12-05,"[Горин] Логотип ""Facebook"" отсутствует в разделе ""Соціальні мережі"" в левой части главной страницы",нова,відкрита,
0001395,QA31,valera1,,низький,незначна,завжди,,General,2023-12-05,,,,спільна,2023-12-05,"[Новосьолов] Логотип ""Facebook"" отсутствует в блоке ""Ми в соціальних мережах""",нова,відкрита,
0001394,QA31,valera1,,нормальний,банальна,завжди,,General,2023-12-05,,,,спільна,2023-12-05,"[Ляшенко]Отсутствует логотип ""Facebook"" на кнопке левой части на  главной странице сайта",нова,відкрита,
0001391,QA31,Viktor,,нормальний,незначна,завжди,,General,2023-12-05,,,,спільна,2023-12-05,"В боковой панели. В окне ""Добро пожаловать"". Отсутствует  кнопка "" Войти в личный кабинет""",нова,відкрита,
0001389,QA31,valera1,,високий,незначна,завжди,,General,2023-12-05,,,,спільна,2023-12-05,"[Tarasenko]  Отсутствует кнопка  ""Войти в личный кабинет""",нова,відкрита,
0001392,QA31,Marina,,низький,текст,завжди,,General,2023-12-05,,,,спільна,2023-12-05,"Перевірка наявності кнопки ""Увійдіть в обліковий запис"" в боковому меню",нова,відкрита,
0001390,QA31,valera1,,нормальний,незначна,завжди,,General,2023-12-05,,,,спільна,2023-12-05,"(Гольник) Отсутствует кнопка ""Увійдіть в особистий кабінет"" на главной странице сайта https://rozetka.com.ua/",нова,відкрита,
0001388,QA31,valera1,,високий,незначна,не пробував,,General,2023-12-05,,,,спільна,2023-12-05,Kliarska Tetiana,нова,відкрита,
0001387,QA31,valera1,,високий,побажання,іноді,,General,2023-12-05,,,,спільна,2023-12-05,"[Zhukova]  Отсутствует кнопка  ""Войдите в личный кабинет"" в левом блоке главной страницы сайта",нова,відкрита,
0001386,QA31,valera1,,високий,значна,випадково,,General,2023-12-05,Windows 10,,,спільна,2023-12-05,Rudenko,нова,відкрита,
0001385,QA31,valera1,,високий,значна,завжди,,General,2023-12-05,Windows 10,19045.3693,PC,спільна,2023-12-05,"[Новосьолов] Кнопка ""Увійдіть в особистий кабінет"" отсутствует после текста ""Увійдіть, щоб отримувати ....""",нова,відкрита,
0001384,QA31,valera1,,високий,значна,завжди,,General,2023-12-05,,,,спільна,2023-12-05,[Ляшенко]Отсутствует кнопка входа в Личный Кабинет в левой части сайта https://rozetka.com.ua/,нова,відкрита,
0001383,QA31,valera1,,нормальний,значна,випадково,,General,2023-12-05,,,,спільна,2023-12-05,(Горин) Поле авторизации не отображается в левой части главной страницы под каталогом товаров,нова,відкрита,
0001382,QA31,Rivne,,нормальний,значна,не пробував,,General,2023-12-05,,,,спільна,2023-12-05,"Відсутня кнопка ""Увійдіть в обліковий запис"" в боковому меню зліва, під вибором категорій",нова,відкрита,
0001381,QA31,valera1,,терміново,блокуюча,завжди,,General,2023-12-05,,,,спільна,2023-12-05,"(ШостенкоА) нет кнопки кнопки ""Войдите в личный кабинет"" слева под меню сайта",нова,відкрита,
0001380,QA31,valera1,,нормальний,незначна,завжди,,General,2023-12-05,,,,спільна,2023-12-05,Subject,нова,відкрита,
0001325,QA31,Yulia,,низький,банальна,завжди,,General,2023-07-21,,,,спільна,2023-07-21,"Банер частково перекриває іконки соцмереж в розділі ""SPA-apps""",нова,відкрита,
0001324,QA31,Yulia,,низький,текст,завжди,,General,2023-07-21,,,,спільна,2023-07-21,"В назві фреймворка ""React,js"" стоїть кома замість крапки в підрозділі ""КАК УСТРОЕНЫ PWA-ПРИЛОЖЕНИЯ"" розділу ""PWA-apps""",нова,відкрита,
0001323,QA31,Yulia,,низький,банальна,завжди,,General,2023-07-21,,,,спільна,2023-07-21,"Прапор на логотипі сайту перекриває основний текст розділу ""Разработка сайтов""",нова,відкрита,
0001322,QA31,Yulia,,нормальний,незначна,завжди,,General,2023-07-19,,,,спільна,2023-07-19,"Відсутній лінк у терміні ""Android"" в розділі ""F.A.Q.""",нова,відкрита,
0001321,QA31,Yulia,,низький,текст,не пробував,,General,2023-07-19,,,,спільна,2023-07-19,"Помилка в слові ""Andriod"" в розділі ""F.A.Q.""",нова,відкрита,
0001320,QA31,Yulia,,високий,незначна,завжди,,General,2023-07-19,,,,спільна,2023-07-19,[L10n] Відсутня локалізація вікна для зв'язку при виборі локалізації EN на головній сторінці,нова,відкрита,
0001319,QA31,Yulia,,нормальний,незначна,завжди,,General,2023-07-19,,,,спільна,2023-07-19,"[L10n] Змінюється розташування іконок соцмереж і месенджерів в футері при застосуванні локалізації UA в розділі ""ПОРТФОЛИО""",нова,відкрита,
0001318,QA31,Yulia,,нормальний,незначна,завжди,,General,2023-07-19,,,,спільна,2023-07-19,"[L10n] Локалізація з EN змінюється на RU при переході до ""DASHBOARDS DESIGN"" розділу ""Prototyping Software UX""",нова,відкрита,
0001315,QA31,Yulia,,нормальний,незначна,завжди,,General,2023-07-19,,,,спільна,2023-07-19,"[L10n] Відсутня локалізація UA кнопки ""СЛЕДУЙТЕ В INSTAGRAM"" в розділі ""СТРІЧКА""",нова,відкрита,
0001314,QA31,Yulia,,нормальний,незначна,завжди,,General,2023-07-19,,,,спільна,2023-07-19,"[L10n] Відсутня локалізація назви розділу ""EXPERIENCE"" при виборі локалізації UA на головній сторінці",нова,відкрита,
0001313,QA31,Elena,,нормальний,незначна,завжди,,General,2023-07-18,,,,спільна,2023-07-18,Ошибка локализации при переходе на другую страницу,нова,відкрита,
0001312,QA31,Elena,,нормальний,незначна,завжди,,General,2023-07-18,,,,спільна,2023-07-18,Смешанная локализация в разделе “FEED”,нова,відкрита,
0001311,QA31,Elena,,нормальний,незначна,завжди,,General,2023-07-18,,,,спільна,2023-07-18,Отсутствие валидации при заполнении формы обратной связи в футере на главной странице,нова,відкрита,
0001310,QA31,Elena,,нормальний,незначна,завжди,,General,2023-07-18,,,,спільна,2023-07-18,Ошибка локализации при переходе на другую страницу,нова,відкрита,
0001309,QA31,Elena,,нормальний,незначна,завжди,,General,2023-07-18,,,,спільна,2023-07-18,Нет возможности вернуться на главную страницу сайта,нова,відкрита,
0001308,QA31,Elena,,нормальний,незначна,завжди,,General,2023-07-18,,,,спільна,2023-07-18,Отсутствие валидации при оформлении заявки на бесплатные курсы программирования,нова,відкрита,
0001307,QA31,Elena,,нормальний,значна,завжди,,General,2023-07-18,,,,спільна,2023-07-18,Отсутствие уведомления о перенаправлении в другое приложение при переходе в Skype в окне формы обратной связи в футере,нова,відкрита,
0001306,QA31,Elena,,високий,значна,завжди,,General,2023-07-18,,,,спільна,2023-07-18,Отсутствие уведомления о перенаправлении в другое приложение при переходе в Viber в окне формы обратной связи в футере,нова,відкрита,
0001305,QA31,Elena,,нормальний,незначна,завжди,,General,2023-07-18,,,,спільна,2023-07-18,Смешанная локализация в разделе отзывов на главной странице,нова,відкрита,
0001304,QA31,Elena,,нормальний,незначна,завжди,,General,2023-07-18,,,,спільна,2023-07-18,Ошибка локализации в форме обратной связи в футере страницы,нова,відкрита,
0001303,QA31,Elena Gusarenko123,,нормальний,незначна,завжди,,General,2023-07-18,,,,спільна,2023-07-18,"[L10N] Отсутствует EN локализация имен сотрудников в блоке ""VUE.JS DEVELOPER"" в разделе ""Outstaffing""",нова,відкрита,
0001301,QA31,Elena Gusarenko123,,нормальний,незначна,завжди,,General,2023-07-18,,,,спільна,2023-07-18,"[L10N] Частичная EN локализация в разделе ""Логистика и транспорт""",нова,відкрита,
0001300,QA31,Elena Gusarenko123,,нормальний,незначна,завжди,,General,2023-07-18,,,,спільна,2023-07-18,"[ L10N] Отсутствует EN локализация при регистрации на курс в разделе ""Courses""",нова,відкрита,
0001299,QA31,Elena Gusarenko123,,нормальний,незначна,завжди,,General,2023-07-18,,,,спільна,2023-07-18,"[ L10N] Отсутствует EN  локализация при выборе ""Backend developers"" в разделе ""Outstaffing""",нова,відкрита,
0001298,QA31,Elena Gusarenko123,,нормальний,незначна,завжди,,General,2023-07-18,,,,спільна,2023-07-18,"[ L10N] Отсутствует UA  локализация комментариев в разделе ""Що про нас кажуть наші клієнти""",нова,відкрита,
0001297,QA31,Elena Gusarenko123,,високий,значна,завжди,,General,2023-07-18,,,,спільна,2023-07-18,"[Гусаренко] Ошибка ""Страница не найдена"" при переходе в Google Play для загрузки приложения Bazar.club",нова,відкрита,
0001296,QA31,Elena Gusarenko123,,нормальний,текст,завжди,,General,2023-07-18,,,,спільна,2023-07-18,"[Гусаренко] Грамматическая ошибка при UA локализации в слове ""Программист""в 8 вакансие в разделе ""Вакансії""",нова,відкрита,
0001295,QA31,Elena Gusarenko123,,нормальний,текст,завжди,,General,2023-07-18,,,,спільна,2023-07-18,"[Гусаренко] Грамматическая ошибка при UA локализации в слове ""Программист"" в разделе ""Вакансії""",нова,відкрита,
0001294,QA31,Elena Gusarenko123,,нормальний,незначна,завжди,,General,2023-07-17,,,,спільна,2023-07-17,"[Гусаренко] Отсутствует валидация в форме ввода телефона  в разделе ""Расчет стоимости"" в хедере",нова,відкрита,
0001293,QA31,Elena Gusarenko123,,низький,текст,завжди,,General,2023-07-17,,,,спільна,2023-07-17,"[Гусаренко] Грамматическая ошибка в слове ""Виберите"" в разделе ""Расчет стоимости"" в хедере",нова,відкрита,
0001260,QA31,Spacearth,,нормальний,незначна,завжди,,General,2023-07-05,,,,спільна,2023-07-05,Отсутствует правая нить крепления крайней колбасы справа над барной стойкой,нова,відкрита,
0001259,QA31,Vishn567890,,нормальний,незначна,завжди,,General,2023-07-05,,,,спільна,2023-07-05,[Вишнивецкая]Текстура музыкального инструмента перекрывает тексуру громофона в левой части изображения,нова,відкрита,
0001258,QA31,Yulia,,нормальний,незначна,завжди,,General,2023-07-05,,,,спільна,2023-07-05,[Болкун] Мішок висить в повітрі перед стоячим на підлозі стільцем в правій нижній частині картинки,нова,відкрита,
0001257,QA31,Elena,,нормальний,незначна,завжди,,General,2023-07-05,,,,спільна,2023-07-05,Дужка звезды висит рядом с шеей чучела кабана  расположенного в хедере,нова,відкрита,
0001256,QA31,demich7,,низький,незначна,не можу відтворити,,General,2023-07-05,,,,спільна,2023-07-05,"Наложение изображения ""Балалайка перекрывает граммофон""",нова,відкрита,
0001255,QA31,Olena1409,,нормальний,незначна,завжди,,General,2023-07-05,,,,спільна,2023-07-05,Штопор висить у повітрі над барною стійкою в header/rigth,нова,відкрита,
0001254,QA31,Elena Gusarenko123,,нормальний,незначна,завжди,,General,2023-07-05,,,,спільна,2023-07-05,Расположение глиняного горшка по центру на стойке,нова,відкрита,
0001253,QA31,Vishn567890,,нормальний,незначна,завжди,,General,2023-07-05,,,,спільна,2023-07-05,[Вишнивецкая]Текстура дверей перекрывает текстуру отверстия для ключа в дверном замке,нова,відкрита,
0001252,QA31,PanZerA,,низький,банальна,завжди,,General,2023-07-05,,,,спільна,2023-07-05,Нарушена перспектива в изображении пивного бочонка в правой части барной стойки.,нова,відкрита,
0001251,QA31,Elena,,нормальний,незначна,завжди,,General,2023-07-05,,,,спільна,2023-07-05,Изображение метлы наложено на изображение трубки от волынки справа в футере,нова,відкрита,
0001250,QA31,Olena1409,,нормальний,незначна,завжди,,General,2023-07-05,,,,спільна,2023-07-05,"Перекриття об*єкта ""мітла"" на задньому плані, об*єкт ""волинка"" на передьому плані",нова,відкрита,
0001249,QA31,CUD,,нормальний,незначна,завжди,,General,2023-07-05,,,,спільна,2023-07-05,Замок висит в воздухе внизу по центру барной стойки.,нова,відкрита,
0001248,QA31,Yulia,,нормальний,незначна,завжди,,General,2023-07-05,,,,спільна,2023-07-05,[Болкун] Лісові горіхи непропорційно великі відносно стільця в правій нижній частині картинки,нова,відкрита,
0001247,QA31,Zhdana,,нормальний,банальна,завжди,,General,2023-07-05,,,,спільна,2023-07-05,"Сокира не зафіксована над барною стійкою, висить в повітрі",нова,відкрита,
0001246,QA31,Elena Gusarenko123,,нормальний,незначна,завжди,,General,2023-07-05,,,,спільна,2023-07-05,Наложение мешка по центру на стул ножки,нова,відкрита,
0001244,QA31,PanZerA,,низький,банальна,завжди,,General,2023-07-05,,,,спільна,2023-07-05,Слияние текстур ручки топора и деревянной отделки,нова,відкрита,
0001245,QA31,Olena1409,,нормальний,незначна,завжди,,General,2023-07-05,,,,спільна,2023-07-05,Солонка висить у повітрі у правій стороні зображення,нова,відкрита,
0001243,QA31,CUD,,нормальний,незначна,не пробував,,General,2023-07-05,,,,спільна,2023-07-05,Штопор весит в воздухе посредине в хедер.,нова,відкрита,
0001242,QA31,demich7,,високий,значна,завжди,,General,2023-07-05,,,,спільна,2023-07-05,"Серьга ""звезда"" находится в воздухе дальше уха",нова,відкрита,
0001241,QA31,Spacearth,,нормальний,незначна,завжди,,General,2023-07-05,,,,спільна,2023-07-05,Соломка находится снаружи от деревянного стакана в футере картины на ближнем столике.,нова,відкрита,
0001240,QA31,Elena,,нормальний,незначна,завжди,,General,2023-07-05,,,,спільна,2023-07-05,Наслоение изображения крысы на изображение ножки стула между двумя столами,нова,відкрита,
0001239,QA31,Vishn567890,,нормальний,незначна,завжди,,General,2023-07-05,,,,спільна,2023-07-05,"[Вишнивецкая]Текстура стрелы не зафиксирована в текстуре стены , находится вне ее ,в правой части изображения над барной стойкой",нова,відкрита,
0001238,QA31,Yulia,,нормальний,незначна,завжди,,General,2023-07-05,,,,спільна,2023-07-05,[Болкун] Деревяна дошка для нарізання висить в повітрі,нова,відкрита,
0001232,QA31,Elena,,нормальний,незначна,не пробував,,General,2023-07-05,,,,спільна,2023-07-05,По центру изображения слева от бочки солонка висит в воздухе,нова,відкрита,
0001237,QA31,Zhdana,,високий,значна,завжди,,General,2023-07-05,,,,спільна,2023-07-05,Сільничка висить в повітрі з-заду правого стола,нова,відкрита,
0001236,QA31,PanZerA,,низький,банальна,завжди,,General,2023-07-05,,,,спільна,2023-07-05,Солонка парит в воздухе по центру изображения на контрастном фоне,нова,відкрита,
0001231,QA31,CUD,,нормальний,незначна,завжди,,General,2023-07-05,,,,спільна,2023-07-05,Ключи висят в воздухе за клыком на голове кабана слева вверху.,нова,відкрита,
0001235,QA31,Elena Gusarenko123,,нормальний,незначна,не пробував,,General,2023-07-05,,,,спільна,2023-07-05,[Гусаренко] Не корректно расположение мыши на стуле слева,нова,відкрита,
0001234,QA31,Olena1409,,нормальний,доводка,завжди,,General,2023-07-05,,,,спільна,2023-07-05,"Перекриття об*єкта ""палиця"",  перекриває дерев*яну кружку, яка розташована на передньому плані",нова,відкрита,
0001233,QA31,Vishn567890,,нормальний,незначна,завжди,,General,2023-07-05,,,,спільна,2023-07-05,Текстура банки висит в воздухе по центру изображения,нова,відкрита,
0001230,QA31,demich7,,низький,незначна,не пробував,,General,2023-07-05,,,,спільна,2023-07-05,Грязный отпечаток руки на окне,нова,відкрита,
0001228,QA31,Yulia,,нормальний,незначна,завжди,,General,2023-07-05,,,,спільна,2023-07-05,"[Болкун] Надпис на вікні розташовано в звичайному, а не дзеркальному вигляді",нова,відкрита,
0001229,QA31,PanZerA,,низький,банальна,завжди,,General,2023-07-05,,,,спільна,2023-07-05,Отпечаток руки явно бросается в глаза из-за контраста,нова,відкрита,
0001227,QA31,Vishn567890,,нормальний,незначна,не пробував,,General,2023-07-05,,,,спільна,2023-07-05,Текстура мешка висит в воздухе,нова,відкрита,
0001225,QA31,Zhdana,,нормальний,значна,не можу відтворити,,General,2023-07-05,,,,спільна,2023-07-05,Ніж висить в повітрі біля ніжки лівого стола,нова,відкрита,
0001226,QA31,Elena,,нормальний,незначна,не пробував,,General,2023-07-05,,,,спільна,2023-07-05,Наслоение изображения трости на столе в футере,нова,відкрита,
0001224,QA31,PanZerA,,низький,банальна,завжди,,General,2023-07-05,,,,спільна,2023-07-05,Нечёткое изображение фигуры по центру стола,нова,відкрита,
